First_name,Last_Name,Street_Address,City,Zipcode,Country,Email,CreditCardNo1,Personal_ID,Salary,CreditcardNo,DateOfBirth
Georgia,Kelly,"P.O. Box 441, 3276 Magna. Avenue",Los Angeles,Z4322,Guyana,imperdiet.non.vestibulum@Sedeunibh.co.uk,4.54E+12,16230429 1822,"$6,498 ",5330 0453 8625 1222,18-07-19
Stone,Pope,332-9061 Aliquam St.,San Sebastiano al Vesuvio,31841,Antarctica,risus.at@cursus.edu,4.93E+12,16120809 0603,"$9,442 ",5534 3998 9388 4981,4/6/20
Baxter,Green,5834 Quis Ave,Saltara,Z4092,Somalia,Nulla.aliquet@afelisullamcorper.edu,4532 831 93 9192,16611029 7386,"$7,800 ",5185 1095 7205 6195,16-01-20
Cain,Daugherty,"3153 Lorem, St.",Graz,97705,Russian Federation,vel@Loremipsum.org,448 51487 17017 944,16860701 1122,"$6,507 ",5.16E+15,16-01-20
Jessamine,Ross,9867 Mollis Ave,Allappuzha,752602,Seychelles,sed@Quisqueliberolacus.org,4532 008 53 2507,16470926 3349,"$7,492 ",5227 1418 2292 1902,26-02-21
Chadwick,Walls,4059 Mattis. Avenue,Gimhae,61617,Armenia,Etiam.laoreet.libero@rutrum.com,4.93E+12,16820915 2829,"$8,871 ",542626 988286 6045,27-05-20
Hiroko,Shannon,7660 Nisi Rd.,Leighton Buzzard,8217 PM,Russian Federation,mollis.dui.in@Vivamus.edu,4.93E+12,16210629 1012,"$9,917 ",511183 9793610441,1/3/21
Hedwig,Herman,"P.O. Box 822, 7949 Natoque Av.",Teltow,61101,Dominica,Aliquam@lacus.co.uk,471629 838336 7866,16481002 7567,"$7,556 ",534 83603 76817 639,22-05-19
Dora,Willis,"P.O. Box 704, 9775 Nisl. St.",Querétaro,03492-016,Timor-Leste,Donec.luctus.aliquet@ligulaAliquam.ca,4024 0071 3017 3023,16380916 4860,"$6,904 ",5576 3310 5474 4950,22-06-20
Oliver,Harding,"Ap #641-4447 In, Street",Bagh,84447,Lesotho,est@metusVivamus.co.uk,4.93E+12,16380524 6349,"$7,129 ",532253 5384006479,30-08-19
Charissa,Lancaster,330-4097 Elit Road,Palermo,350087,Equatorial Guinea,ullamcorper@dolordapibusgravida.ca,4.54E+15,16600707 8162,"$6,217 ",5.13E+15,29-10-20
Zenaida,Carver,377-7322 Tincidunt St.,Leeds,12578,"Saint Helena, Ascension and Tristan da Cunha",vitae.velit@molestietellus.com,471647 174943 3553,16951211 4233,"$5,132 ",515993 100914 6428,26-01-20
Channing,Fowler,"P.O. Box 499, 3480 Turpis Road",Beho,Z6185,South Sudan,Cum.sociis@neque.co.uk,453989 7746042903,16511223 1518,"$9,209 ",5.40E+15,24-10-20
August,Robles,"P.O. Box 708, 278 Aliquam Road",Sandy,3606 QF,Svalbard and Jan Mayen Islands,ipsum@nasceturridiculus.ca,4716 291 34 3330,16080611 4120,"$7,577 ",519916 9581061614,19-03-21
Leilani,Buckley,867-851 Enim. Rd.,Sundrie,40365,Montserrat,Curabitur.ut.odio@Cum.net,4929 048 51 0289,16550723 6478,"$9,578 ",5.46E+15,9/11/20
Porter,Sloan,915-575 Libero. Avenue,Melle,9761,Yemen,magna.Praesent.interdum@egestas.org,440876 717512 4837,16060804 2230,"$5,722 ",5.12E+15,21-07-19
Aline,Mcpherson,329-6812 Neque Street,Miryang,43424,Benin,faucibus.lectus.a@arcu.co.uk,453943 237576 1803,16670106 2363,"$9,968 ",545244 764202 4421,19-07-20
Jane,Pierce,1716 Vel Avenue,Spaniard's Bay,01-698,Botswana,laoreet.libero.et@turpisvitae.org,4.92E+12,16630216 7009,"$6,369 ",556934 532611 5541,20-04-20
Arsenio,Beach,"P.O. Box 208, 7366 Mauris Rd.",Polatlı,347038,French Polynesia,eu@faucibusutnulla.org,402400 719745 7699,16510705 6052,"$5,472 ",545222 8937726700,22-05-19
Benedict,Barnes,1135 Morbi Rd.,Sint-Jans-Molenbeek,16593,Taiwan,est.Nunc@Nunc.co.uk,4.53E+12,16110724 4152,"$8,717 ",5205 2241 8377 1177,4/4/20
Ray,Madden,501-8800 Orci Rd.,Vitrival,11711,Montenegro,Mauris.quis.turpis@amet.org,402400 7112421358,16210221 0313,"$5,193 ",5540 5566 9512 7628,31-01-21
Eleanor,Chavez,Ap #912-1120 Magna St.,Burlington,267239,Svalbard and Jan Mayen Islands,sit.amet@utpharetrased.ca,4929 234 11 7022,16900926 1992,"$7,915 ",531977 772813 6662,1/9/19
Yasir,Cortez,"P.O. Box 177, 2657 Metus. Road",Sombreffe,72155,Burkina Faso,mus.Proin.vel@ut.edu,4532 877 47 7453,16960730 6215,"$5,094 ",534 84417 80997 298,16-07-20
Renee,Fleming,482-102 Eu Street,Vienna,10541,Macedonia,massa.Vestibulum@nonenimMauris.ca,4916 395 85 6415,16090727 8600,"$5,505 ",538 38504 19538 453,13-09-19
Brittany,Kirkland,"P.O. Box 341, 5596 Dui Ave",Ottawa,94-348,Bahrain,amet@sempercursus.ca,4.56E+12,16701217 9672,"$5,619 ",5.36E+15,23-03-20
Garth,Wise,2204 Dolor. Ave,Shaftesbury,829,Ukraine,pede.et@fringilla.org,471 65084 67080 437,16171127 2052,"$7,662 ",5162 9131 8050 8647,1/11/20
Lydia,Schwartz,Ap #815-596 Lacus Rd.,Lisieux,22816-15222,Pakistan,primis.in@ipsum.org,448599 646086 9832,16711119 3954,"$9,655 ",5.30E+15,25-04-20
Randall,Frazier,139-3540 Eu Avenue,Acquasparta,9172,United States Minor Outlying Islands,purus@Praesentinterdum.org,453 90541 72946 070,16481205 1425,"$5,723 ",5127 2767 8149 1710,6/7/20
Brittany,Alford,346-2939 Integer Road,Samsun,587722,Portugal,nunc@pedeultrices.org,4.57E+15,16930211 1894,"$9,509 ",527634 640929 8117,30-10-20
Jade,Sweeney,"Ap #530-206 Nec, Rd.",Amlwch,354652,Saint Lucia,habitant@dictumeleifend.com,4.49E+12,16081024 0374,"$8,914 ",518233 3688719578,22-05-20
Rudyard,Pollard,"P.O. Box 905, 8298 Purus. Av.",Montpellier,20813,Belize,mi.enim@laciniaSedcongue.net,402 40071 57359 877,16111107 9255,"$9,128 ",5256 3613 2769 5496,7/8/20
Ila,Maxwell,Ap #889-3456 Turpis Avenue,Sorgà,54035,"Saint Helena, Ascension and Tristan da Cunha",magna@imperdietullamcorper.edu,4539 207 90 7547,16050810 1730,"$9,434 ",5.28E+15,13-09-19
Jason,Buckner,Ap #690-6552 Ligula St.,Wichita,701154,Cuba,aliquam@nibhdolornonummy.com,4.49E+15,16401008 4475,"$9,334 ",5.53E+15,7/3/20
Felix,Zamora,"P.O. Box 726, 7499 Libero. Street",Landau,62139-93468,Costa Rica,dolor.vitae.dolor@malesuadaid.co.uk,4556 6652 1571 6820,16130920 7015,"$8,334 ",5516 1441 9882 6390,12/7/19
Kenneth,Fuentes,"P.O. Box 789, 9756 Sed, St.",Cochamó,11433,Kazakhstan,felis.adipiscing.fringilla@hendreritid.ca,471627 366061 0817,16030108 3945,"$5,815 ",5.26E+15,30-12-20
Darius,Becker,"P.O. Box 989, 2465 Diam St.",Oxford County,68594,Mayotte,montes.nascetur.ridiculus@dolortempus.co.uk,4916 352 26 5253,16310105 1146,"$7,228 ",5.29E+15,10/4/20
Anastasia,Norman,293-880 Tincidunt Road,Lochranza,40507,Iraq,Proin.mi.Aliquam@Proinvel.org,4716 705 60 4772,16480613 0888,"$8,132 ",554743 9932498503,24-10-20
Malik,Delacruz,"P.O. Box 186, 8425 Et Street",Dawson Creek,75255-491,Burkina Faso,In@infelis.ca,492965 1712980317,16051018 2728,"$6,950 ",559112 830126 8150,10/11/19
Catherine,Rios,895-8512 Nunc Street,Trois-Rivi�res,13987,Mexico,elit@ridiculusmus.org,4.02E+12,16780224 2151,"$8,724 ",5168 4255 6300 0310,19-08-20
Kyle,Townsend,867-5087 Diam Street,Bellante,24039,Sint Maarten,purus.mauris@Proinnon.edu,4.56E+12,16940229 2958,"$9,936 ",544548 863861 3199,22-06-19
Charlotte,Anthony,465-7154 Semper Road,Verzegnis,222651,Chile,erat.vitae@at.net,453 98944 17024 377,16670319 7324,"$9,192 ",5.26E+15,1/9/20
Camilla,Melton,7159 Commodo Avenue,Cavasso Nuovo,89-971,Burundi,Quisque@mattisIntegereu.co.uk,415695 0903894806,16210609 7518,"$5,159 ",5.58E+15,9/8/19
Cathleen,Berger,2802 Lorem Rd.,Bhopal,6453,Niue,iaculis@Quisque.edu,4.93E+15,16560326 0752,"$9,642 ",554342 0091750441,5/2/20
Adele,Fields,4312 Suspendisse St.,Isernia,S8N 0N2,Thailand,arcu@euerat.com,4964 7287 9553 6392,16690905 7827,"$5,175 ",517373 321714 4076,22-07-20
Armando,Reed,Ap #195-9167 Turpis Road,Woutersbrakel,9153,Guam,Mauris@fames.net,4.72E+12,16560521 5812,"$7,918 ",520894 4299139665,30-03-20
Ingrid,Mercado,"P.O. Box 622, 210 In St.",Lamont,481833,Saint Barthélemy,Vestibulum.ante.ipsum@dui.com,492 91333 43759 121,16941116 7431,"$5,118 ",5329 7461 8849 5072,27-02-21
Ramona,Cooke,"4390 Nunc, Rd.",Herselt,37043,Paraguay,posuere@dapibusrutrumjusto.co.uk,402 40071 99378 497,16661127 1302,"$5,571 ",536 90274 27293 235,23-12-20
Blossom,Nichols,"P.O. Box 825, 6281 Lacus Street",Peterborough,84360,Jersey,ante@Nulla.com,4.56E+12,16820516 3481,"$6,823 ",543390 4660565440,17-08-20
Ava,Pitts,Ap #820-8845 Donec St.,Lincoln,57043,"Korea, North",eu.tempor.erat@eunequepellentesque.org,402400 7163737603,16770310 9467,"$5,500 ",520234 505295 1484,26-12-20
Chelsea,Dickson,268-1474 Quam. St.,Roermond,889949,Switzerland,quis.pede.Praesent@ut.net,4.53E+15,16550616 4325,"$5,927 ",539514 3095871075,25-08-19
Cameran,Butler,"P.O. Box 945, 181 Arcu. Road",Le Puy-en-Velay,777155,French Polynesia,Sed.dictum.Proin@mipedenonummy.org,4.56E+15,16971216 2107,"$7,271 ",530780 543011 3911,28-08-20
Cailin,Solomon,Ap #970-2857 Nec St.,Montelupo Fiorentino,508362,Saint Martin,nibh.enim@nunc.com,4716 085 08 7937,16461223 3132,"$8,972 ",5.20E+15,9/10/19
Harrison,Levy,819-6767 Vulputate Road,Gorzów Wielkopolski,31245,Cayman Islands,ut@aliquam.ca,4.92E+12,16120507 6993,"$6,913 ",559568 0748667986,1/4/20
Clark,Peters,"P.O. Box 298, 5161 In Road",Lacombe County,5517,Saint Martin,volutpat.ornare@Pellentesque.co.uk,4929 695 13 3583,16200310 6867,"$6,801 ",5115 3982 1313 6566,20-05-20
Dalton,Barrera,3509 Convallis Street,Bokaro Steel City,2334,Oman,arcu.imperdiet@vitaenibh.com,4.49E+12,16021105 7344,"$7,201 ",5.24E+15,26-02-20
Adele,Powers,"P.O. Box 512, 2335 Arcu. St.",Victoria,259893,Myanmar,dui.Cum@velitdui.ca,4453 651 32 3096,16320312 4213,"$7,323 ",539755 561619 5304,15-10-20
Brendan,Solomon,3154 Orci Av.,Oryol,1425,Taiwan,Nulla.aliquet.Proin@tristiquesenectus.net,4539 404 71 2914,16400620 6595,"$7,868 ",524948 472213 6666,24-04-20
Isabelle,Jefferson,836-2281 Ut Ave,Budaun,97102-87165,Georgia,tempus@Pellentesque.edu,4929 5159 9460 4442,16580124 7957,"$7,555 ",523281 693016 1094,19-02-21
Bree,Gardner,Ap #826-5791 Orci Street,Dendermonde,8394 HH,Brunei,condimentum@eu.com,4539 3644 1243 1217,16150507 5349,"$9,028 ",530 47216 48294 299,12/6/20
Otto,Conner,Ap #113-8715 Mauris Street,Verrebroek,6822,Anguilla,sed@ut.org,4539 629 82 8982,16021110 8055,"$7,150 ",5315 0223 0802 1123,3/1/21
Ronan,Barrera,Ap #845-3582 Luctus Avenue,Ostrowiec Świętokrzyski,1252 RC,Guyana,mollis.dui.in@neceleifendnon.co.uk,4.54E+12,16240917 1648,"$5,560 ",5123 3817 4752 1834,9/7/19
Armando,Mcguire,Ap #760-5673 Faucibus Rd.,Marbais,6939,Macao,parturient.montes.nascetur@egestasrhoncus.org,492 92061 00852 428,16730912 1395,"$9,819 ",5400 0770 8350 6835,18-12-19
Noel,Bond,"P.O. Box 821, 2572 Scelerisque Rd.",Minneapolis,26951,Falkland Islands,non.vestibulum@semvitaealiquam.org,4.92E+12,16890815 8523,"$7,672 ",5.47E+15,15-10-20
Kirby,Greene,987-5301 Interdum Rd.,Hassan,525659,Pitcairn Islands,lacus.pede@Sedauctorodio.com,4.72E+12,16900620 5307,"$7,288 ",548185 0670835326,11/8/20
Bree,Spencer,"P.O. Box 175, 8738 Lobortis Rd.",Neerharen,20318,Estonia,tincidunt.nibh@nonsapien.com,402400 7190862382,16540626 0074,"$6,952 ",548 71421 12625 703,17-08-19
Rafael,Frost,"578-3046 Egestas, Av.",Limón (Puerto Limón),299796,Saint Barthélemy,blandit.Nam.nulla@esttempor.net,4916 822 88 2273,16940815 0648,"$9,818 ",5110 4741 8692 9652,3/12/20
Jermaine,Graves,170-6904 Fringilla Street,Avernas-le-Bauduin,5962,"Congo, the Democratic Republic of the",eget.dictum@Seddiam.co.uk,4024 0071 3470 5648,16470227 1224,"$6,650 ",530557 427835 7004,13-06-20
Drake,Conrad,225-2883 Tellus. Avenue,Gierle,9738,"Korea, South",cubilia.Curae@utmolestiein.co.uk,4.54E+12,16700708 3319,"$7,127 ",551922 3032283781,23-02-20
Janna,Humphrey,6036 Malesuada. Rd.,Rocca San Felice,8496,Azerbaijan,commodo.ipsum@iaculis.edu,4.56E+15,16230901 1167,"$6,053 ",5.38E+15,7/12/19
Tarik,Horne,"4993 In, Street",Elektrougli,Z9637,Guam,ut.quam.vel@turpis.ca,4.54E+12,16221013 0304,"$6,324 ",525235 4526761569,12/7/20
Nash,Little,794-864 Pede Av.,Potsdam,89507,"Palestine, State of",lectus.a.sollicitudin@suscipitest.org,4.56E+12,16420913 3224,"$5,021 ",5151 1867 0179 2130,12/10/20
Martena,Albert,"P.O. Box 545, 392 Eu Ave",Salzgitter,57735,San Marino,arcu.Vestibulum@Namconsequat.com,4.24E+12,16401107 0689,"$7,552 ",5409 4336 2808 8147,15-03-20
Natalie,Hopkins,557-209 Mauris Rd.,San Pablo,4501,Dominican Republic,erat@elit.net,4532 4182 0245 1194,16230301 3599,"$8,749 ",514886 7129455931,15-02-20
Aristotle,Mcmillan,"P.O. Box 921, 4449 Posuere Road",Quirihue,37605,Mayotte,mi.Aliquam@egetlacusMauris.ca,4.92E+15,16920613 3515,"$7,521 ",5586 2023 0239 5895,29-01-20
Forrest,Chambers,Ap #897-725 Sagittis Rd.,Barranca,E9S 5K8,Tokelau,ac@facilisisnon.edu,4.02E+12,16420219 2805,"$5,485 ",544644 9516752680,21-05-19
Richard,Delacruz,334-4918 Semper Ave,Viña del Mar,9211,"Palestine, State of",nulla@convallisdolorQuisque.co.uk,448 55662 65538 989,16370526 4111,"$7,747 ",5.48E+15,18-08-19
Marcia,Bowen,"P.O. Box 202, 5054 Fringilla, St.",Sale,7999,Wallis and Futuna,Nam@consequatauctornunc.edu,4.56E+12,16900511 0573,"$6,494 ",5.43E+15,14-06-19
Alexandra,Gonzales,"Ap #464-7474 Eu, Rd.",Las Cabras,68694,Dominica,quis@libero.edu,455618 965902 5192,16890130 1914,"$6,025 ",5.33E+15,18-11-19
Selma,Lloyd,"P.O. Box 831, 168 Enim Rd.",Silvassa,6958 RH,Spain,non.dui@convalliserateget.co.uk,4.49E+12,16760706 9585,"$8,285 ",543522 563892 1566,14-08-20
Odette,Stewart,"P.O. Box 583, 6607 Ullamcorper. Rd.",Quilicura,P1M 7X4,Honduras,ut@ametnulla.co.uk,471 64199 16884 413,16250420 0029,"$7,384 ",531576 1630748578,14-02-20
Kylie,Reilly,"P.O. Box 161, 9851 Hendrerit Rd.",Daly,71314,Papua New Guinea,cursus.non@amet.ca,4542 376 33 9047,16360714 7927,"$8,247 ",5.46E+15,22-09-19
Chancellor,Levine,246-7927 Duis St.,Lodhran,6016,Saint Barthélemy,eget.volutpat@massa.com,4.93E+15,16600228 9756,"$6,979 ",5.44E+15,22-11-20
Stephen,Yates,"P.O. Box 199, 6053 Magna. Av.",Bientina,35783,British Indian Ocean Territory,sapien.Nunc.pulvinar@id.net,453951 3743395737,16750327 9734,"$8,124 ",5.46E+15,14-12-20
John,Mckenzie,Ap #573-6624 Vitae Rd.,Rezé,12406,Paraguay,mollis.dui@Uttincidunt.co.uk,492 96892 84070 224,16630721 8211,"$8,644 ",5.13E+15,9/2/21
Cadman,Collier,2802 Nibh Rd.,Springdale,40313,Sao Tome and Principe,cubilia.Curae@et.org,453 95825 80018 041,16630726 4504,"$8,597 ",515075 182918 6530,6/8/19
Kaye,Pollard,"P.O. Box 551, 4559 Aliquam Rd.",Rocky View,40718,Guyana,ipsum.primis.in@nullaDonecnon.com,4556 494 39 8800,16290110 4386,"$6,547 ",5424 0887 0370 3118,26-12-19
Lucy,Green,"413-5509 Enim, Road",Gdynia,26576,Turkey,Nullam.feugiat.placerat@nisi.net,4.54E+15,16820620 3781,"$6,916 ",5123 3977 6643 5714,29-04-20
Tad,Conner,778-2646 Non St.,Oban,3485,Venezuela,imperdiet.non@urnaetarcu.net,4485 583 32 9742,16900513 8079,"$6,595 ",524896 531409 1484,5/5/19
Edward,Boyer,3683 Nulla Avenue,Puerto Montt,784832,South Africa,dui@nonenimMauris.co.uk,4.72E+12,16310401 9587,"$5,289 ",521 76187 63427 793,1/3/20
Giselle,Head,8761 In St.,Tauranga,7563 HE,Philippines,Morbi.non.sapien@ornareInfaucibus.ca,492927 271218 8023,16650905 1279,"$8,392 ",5.47E+15,3/4/21
Tiger,Wright,Ap #767-4516 Cum St.,Pau,733542,Tonga,nisl@ac.ca,4.93E+12,16730310 3688,"$8,272 ",5.55E+15,29-03-20
Camilla,Ramsey,"P.O. Box 212, 7437 Libero Street",Magangué,179010,Montserrat,fermentum.fermentum.arcu@enim.com,4929 381 82 7381,16420605 2898,"$7,462 ",5.48E+15,6/8/19
Ian,Barber,"P.O. Box 570, 2444 Nunc. Ave",Kalisz,3407 IM,French Southern Territories,nulla.In.tincidunt@amet.com,4556 771 85 8575,16920906 8692,"$5,383 ",549 54746 84267 741,23-01-21
Jessica,Benton,Ap #711-4730 Tincidunt Ave,Paredones,555054,Australia,non.lacinia@consectetueradipiscing.edu,402400 7185080354,16121029 2171,"$5,310 ",5439 1854 4973 4226,20-05-19
Lewis,Nguyen,"P.O. Box 303, 3588 In Street",Pirmasens,E8 7IV,Saint Martin,suscipit@ligulaAenean.co.uk,4916 270 59 3380,16140618 4166,"$9,953 ",5537 2880 2858 8137,1/12/19
Nerea,Bird,7874 Condimentum Road,Vidisha,41024-95181,"Bonaire, Sint Eustatius and Saba",ut.pellentesque@lobortisaugue.ca,4916 083 22 7879,16750207 2692,"$7,030 ",531322 5948594571,23-08-19
Logan,Cabrera,862-6544 Tempus St.,Ivanteyevka,5184,"Saint Helena, Ascension and Tristan da Cunha",justo.nec.ante@velitegetlaoreet.co.uk,455618 0865794408,16300815 1536,"$7,603 ",513 14515 09656 662,28-01-21
Olympia,Gould,Ap #600-4779 Nisl. Av.,Sint-Niklaas,181192,Georgia,et@lorem.com,4.02E+12,16750528 7727,"$9,622 ",5215 1361 1113 4849,19-02-20
Zorita,Odom,9041 Proin St.,Burntisland,4257,Turkmenistan,eros@auctorodio.ca,4.54E+12,16230820 1108,"$9,211 ",5127 6326 2740 3105,28-04-20
Zelenia,Smith,"P.O. Box 656, 2814 Gravida Av.",Montague,79669,New Caledonia,Vestibulum.ante@egestas.com,4.93E+12,16080929 9944,"$5,634 ",528074 132345 5229,26-01-21